,city,Latitude,Longitude,Temperature,Humidity,Cloudiness,WindSpeed
0,rikitea,-18.885246008195168,-130.10616824584696,76.98,100,0,5.39
1,ushuaia,-86.4717387028644,-44.53198216134655,-56.05,0,0,20.71
2,mataura,-78.05885385194155,-141.68230916565753,5.88,68,12,23.96
3,oleksandrivka,45.87929936915424,31.114333358588368,46.4,75,0,6.71
4,guerrero negro,19.348730408488848,-127.6254440006226,76.26,100,0,9.42
5,dapaong,-87.86103746255516,-78.1171882050434,-44.35,0,44,16.8
6,thaton,10.784412223631648,0.5347772854204607,78.96,79,0,3.71
7,wewak,16.81561326508009,96.98337858848436,76.35,100,68,6.96
8,saint-augustin,-0.21503500383933272,144.1879206059586,86.7,95,56,4.94
9,cabo san lucas,55.88036434783481,-61.283474684112775,41.52,78,0,9.75
10,taolanaro,18.84732754723099,-115.85637296096027,79.86,100,80,22.95
11,silchar,-48.20796667348009,54.449991279746,38.55,94,92,39.62
12,barbar,24.96391312021545,92.85164501036974,66.54,91,12,1.81
13,barentsburg,18.688221190337487,33.32231849020823,72.12,44,0,7.96
14,puerto ayora,74.6660223690765,14.36749331345797,38.28,100,76,10.2
15,seydi,-18.482722618216883,-99.00490119388519,68.88,100,0,8.75
16,hilo,40.16094921913259,62.390078195162175,59.34,39,0,9.53
17,taoudenni,29.459711326469332,-144.0193247697144,71.49,100,44,17.47
18,chikwawa,22.389618846851562,-2.6713163656982033,74.19,26,0,4.38
19,dunedin,-23.41335273952042,-120.459907231886,73.29,100,0,11.1
20,leningradskiy,-16.024243589969856,34.50838620439535,67.71,56,0,5.84
21,maryville,-57.66018550686275,178.5232845385549,39.81,100,36,44.87
22,port alfred,71.8018082979197,178.8764299315983,40.71,87,0,16.13
23,gejiu,40.07199004156888,-95.23383652615941,84.02,69,1,8.05
24,port lincoln,-81.04380483108395,53.52778494084342,-86.29,0,8,3.6
25,castro,23.322175205738162,102.84153394184784,60.51,98,92,2.37
26,avarua,-38.564154668034085,130.3901397466534,48.9,100,76,5.28
27,tuktoyaktuk,-43.00232479310789,-85.91080180222532,45.66,100,92,1.59
28,qaanaaq,-19.994426162047205,-161.0908418417997,74.91,100,0,21.16
29,busselton,72.19602987056726,-132.68783520302006,17.31,100,48,8.63
30,komsomolskiy,75.88899956975538,-74.92348257760042,27.84,100,0,15.68
31,mahebourg,-62.784687324961304,101.13455721517238,23.34,88,76,25.75
32,georgetown,72.73582303398382,173.6955167694764,37.02,87,56,12.21
33,hermanus,-44.52551331362157,82.22978638625773,48.99,94,92,14
34,kapaa,-16.640856584236303,-16.08648976420389,69.42,100,88,11.99
35,sitka,-86.41804169340791,-10.792155219300582,-61.18,0,8,12.77
36,vila franca do campo,25.26752644391358,-169.4540541500178,73.92,100,100,28.1
37,kodiak,48.6511024307147,-140.35307660764252,56.64,100,64,16.13
38,mar del plata,32.61657530735626,-24.0467358422637,75.36,100,76,16.02
39,ahipara,46.57541889733923,-146.75165062593737,59.61,99,80,21.61
40,bosaso,-48.23994331985155,-49.13596704518943,41.16,100,76,22.28
41,torbay,-31.096285099013876,171.5617187902377,63.84,100,92,13.22
42,hobart,11.000540054678282,49.04730935136547,60.87,91,0,2.71
43,saint-philippe,41.0444481180227,-50.077701198166665,73.2,100,64,17.92
44,esso,-55.997451937921205,149.96627670208522,35.94,100,48,37.83
45,saint-pierre,-60.29121011940271,67.06235226403732,12.72,100,20,15.46
46,thompson,55.79837594086766,157.9816173104444,32.88,88,64,2.59
47,atuona,40.056691470281606,-53.07915645666036,72.12,100,92,17.81
48,vaini,60.50380087287513,-92.66562921114146,33.51,100,80,7.18
49,san juan,-36.623714731430056,-140.524745066783,54.93,100,88,12.55
50,bloemfontein,-7.357808698087553,-127.5726977877315,77.97,100,12,11.65
51,bluff,-31.758059566779906,-179.49934284256832,64.56,96,80,23.06
52,arraial do cabo,-31.72593633637006,-69.36984166193125,37.74,69,0,2.48
53,ponta do sol,-7.048047988220432,-126.65227286663719,76.53,100,32,9.64
54,lagoa,78.14359267203872,175.50061562412486,32.52,92,80,16.46
55,kaitangata,-29.616458204799578,25.824894367254444,43.14,48,0,15.68
56,martapura,-58.21393851961777,159.64853278736172,34.77,100,88,31.9
57,touros,-39.077932720081414,-27.405193963983663,55.02,100,92,16.91
58,pangnirtung,-83.01439270593755,11.391286131980905,-74.05,0,8,5.61
59,seoul,18.773123608869426,-41.22482950685861,79.14,100,44,13.89
60,souillac,46.32414536933774,-30.946850418315677,59.88,100,88,24.07
61,tabiauea,-59.11404906770922,175.61775289588536,36.3,100,56,47.56
62,albany,-3.869076821378826,116.43172928489872,83.91,90,12,7.63
63,gat,-47.428823015543735,-176.04392047674295,51.51,98,100,29.33
64,kautokeino,-54.22492277642375,-165.4840759242084,43.86,93,76,36.82
65,namibe,-59.457078475915736,-43.53593591510125,30.54,95,76,16.24
66,hovd,3.8875803591169245,-29.780867441104505,82.74,100,88,4.72
67,sobolevo,60.16839970825092,-62.61241103002121,35.49,98,0,9.31
68,mahajanga,38.57392015773587,126.71084598919754,57.09,86,20,4.16
69,gdansk,-26.008266185454417,60.38359751072724,67.17,100,76,5.17
70,agadir,-3.6205151258858876,167.52145877724092,83.37,100,44,9.75
71,punta arenas,-59.501413138032675,115.7549322737579,32.07,96,88,23.85
72,samusu,-12.600177388025742,-118.08627016682497,75.45,100,0,14
73,belushya guba,27.106405800949958,9.811758487539834,67.17,33,0,9.53
74,alexander city,68.4303046961833,21.694258092026985,27.84,80,0,10.54
75,tasiilaq,-15.442461802002029,8.576222296589407,64.38,100,0,5.84
76,cootamundra,43.02597056913322,102.41793875220185,37.29,29,8,12.88
77,otane,53.93302997605784,154.2011431882362,48.81,100,76,18.48
78,ambodifototra,-15.685520288148638,45.72543082011873,73.4,88,0,14.67
79,porto santo,54.24056964945166,18.688354805815578,41,86,20,6.93
80,ambilobe,31.482033939821505,-11.94479283912662,74.55,97,0,13.44
81,longyearbyen,-69.65068086866489,-107.14704749176877,27.21,98,80,6.73
82,samalaeulu,-2.666319138181777,-160.9156971710129,80.76,100,44,11.32
83,sumbawa,88.21897986070039,47.656492386292825,30.18,97,80,6.73
84,alofi,39.27273687721882,-147.0991851753561,66.72,100,0,4.38
85,dingle,33.220270753909375,-85.87250224663434,77,100,1,2.26
86,chokurdakh,-71.25178192130372,72.12387157828482,-24.46,33,20,14.79
87,samarai,67.72667440191978,-37.8213134153157,-21.76,22,20,10.2
88,amderma,-34.757498969452755,147.89368006586193,66.2,59,75,17.22
89,upernavik,-36.21200153731537,-143.89440366644834,55.92,100,0,12.88
90,san cristobal,-42.48344453432263,179.0514976140904,55.11,96,24,18.03
91,adrar,-17.34087297805995,51.54827834788,74.73,100,36,14.45
92,cam ranh,33.02316088865375,-15.456183199618522,72.12,100,44,9.98
93,plymouth,-11.484222367591627,48.59933985175641,76.44,100,20,21.94
94,kohat,-76.33842419492855,-4.0945190357476235,-64.24,0,8,3.6
95,barrow,89.013694091431,14.008909647316727,29.19,95,88,7.63
96,luena,3.1206249417960237,-163.68306049024451,81.75,100,92,10.98
97,jamestown,-9.453079009693141,117.95043464946997,81.03,97,48,11.99
98,puerto escondido,-15.836523454553515,-164.59785576280123,80.58,99,44,21.05
99,portland,-55.321748203180604,-120.55725482246008,40.26,100,68,14.9
100,palora,53.605594867308014,-13.37830522598955,57,95,68,22.17
101,lapithos,-27.9076741092357,172.60043165589047,66.54,100,80,20.94
102,tsihombe,-78.12510550556924,170.02280787108634,8.22,84,88,22.5
103,cape town,-48.78490997937692,-130.56622622319142,45.66,98,68,18.03
104,butaritari,-52.87587194775277,149.3754523248412,42.69,100,56,34.69
105,baherden,76.98681146730925,155.1302113761539,29.91,96,88,0.69
106,bethel,-80.5861502050086,71.60138321245603,-81.79,0,0,10.98
107,ostrovnoy,-15.84775447034015,152.7156649565157,75.27,100,80,16.35
108,baykit,85.54661432825952,65.67567133890665,24.42,98,92,8.19
109,shahr-e babak,84.50309994398876,-57.50256345897836,17.31,90,92,25.19
110,pineville,-83.72180485170449,99.57984515310267,-66.13,0,20,10.42
111,kavaratti,-7.870904214782982,-91.03743620769993,68.79,100,68,7.18
112,lakewood,-41.75660042470719,54.39160182427179,45.39,100,0,4.94
113,khuzdar,-54.43327811689788,-60.391149489710045,35.85,100,80,34.81
114,salalah,28.504965943740018,1.3181540929985545,64.92,34,0,9.64
115,manakara,11.483376620984444,110.36783594030561,78.96,100,88,3.94
116,provideniya,43.70152535442824,-71.69021189335074,60.08,92,40,1.7
117,gerash,33.497750703320946,71.41136161651681,68,68,40,6.93
118,at-bashi,80.01668178035726,-163.2686799171811,30.09,85,0,19.26
119,port hardy,19.261889336625472,-155.95130954366374,84.92,57,40,8.05
120,podporozhye,85.96973999358053,-120.14074062760274,26.94,92,80,12.66
121,vila velha,-11.978748425655482,18.798812266593274,65.82,59,32,3.94
122,haines junction,86.00199869379281,-47.57226834328824,22.53,91,92,24.29
123,gannan,-56.15040793799189,94.28493787573314,31.08,100,80,9.98
124,acapulco,-67.9162540811737,-78.28264467002225,14.88,82,36,19.82
125,amapa,-60.56789513144447,161.53253849427784,26.67,100,64,19.37
126,poum,-7.862441059391969,-3.4722411068304666,73.02,100,92,7.4
127,west fargo,-82.87252040203343,101.736197395977,-65.05,0,12,11.77
128,bathsheba,5.882386217629744,-98.84797370794004,79.32,100,76,15.57
129,hasaki,-53.73181472767559,56.854522226244995,34.32,94,88,49.23
130,hanmer springs,-45.768630837451894,136.87087272759072,48,99,80,20.38
131,fortuna,-1.8034936338548704,-76.07135488988384,81.3,79,32,3.04
132,ambon,35.30368761378611,33.04929858454756,64.4,82,0,5.82
133,sentyabrskiy,-15.142199548514768,4.71109984918013,65.91,99,80,6.29
134,nagato,49.9349939764555,-15.269855772361126,60.33,97,64,8.41
135,bredasdorp,-57.92050988197839,-94.25507223701538,40.35,92,92,25.3
136,nhulunbuy,-44.48802515755606,44.023596785096004,43.5,92,68,27.87
137,nyurba,-45.117098235781896,-1.9080729226126607,46.74,93,80,26.75
138,airai,21.095989020612862,174.06458576790152,81.21,100,8,21.5
139,almaznyy,-80.08787621500456,85.23528160444931,-76.39,0,8,15.68
140,clyde river,40.467195748661936,57.51219722372292,61.23,55,24,3.49
141,ketchikan,-51.507319665912625,34.263100238161684,35.04,100,64,44.87
142,blythe,58.524327756510445,-157.72315557714276,50,92,90,28.86
143,severo-kurilsk,74.66349690719537,39.07716634173167,37.83,100,68,10.65
144,littleton,-70.02999217411661,11.324837913491706,-23.38,34,0,4.05
145,bourail,62.872146888653305,95.81236665989564,31.26,77,88,4.61
146,kamenka,-55.185737481039155,162.3179181576059,40.98,100,64,43.31
147,nikolskoye,30.4006351496362,54.39990718403834,46.74,60,0,0.25
148,yanan,31.703650137280206,-92.0577625841121,80.96,97,1,4.38
149,lebu,-68.32812610004197,78.06633960171979,-12.94,98,20,14.45
150,hithadhoo,11.998767657357845,62.88638959962398,81.12,100,20,8.97
151,port hedland,41.46644802201723,-81.79600545018619,77,76,20,16.11
152,thinadhoo,28.009315546739458,66.45193821936076,45.84,43,0,2.37
153,kargopol,-89.9959729697316,5.507934959683155,-59.38,0,12,3.6
154,sibolga,-63.22630793483389,-169.17757827069408,31.89,89,88,33.58
155,zastron,-30.886819086739315,-129.34466444075025,62.85,100,80,12.44
156,esperance,17.26111838000061,49.7953024270858,73.38,28,0,9.19
157,dedza,-84.92480925474634,-93.98651378120715,-24.1,52,48,2.82
158,nizhneyansk,-64.68822782379496,-27.980676289761078,7.5,84,56,16.24
159,isangel,-23.077340592593217,50.62687593837515,72.75,100,68,13.22
160,yerbogachen,53.52429059253592,-170.7007314054819,50.79,92,92,39.06
161,road town,-30.482843024187034,-31.153291632838062,66.72,92,56,21.94
162,aripuana,26.933978705770613,54.08790446303149,84.2,89,0,3.83
163,nome,41.471867047611,74.98616005887607,25.23,79,0,2.59
164,tahoua,48.16738786514739,-132.24022188364737,56.91,100,68,6.17
165,kasongo,60.699183226413766,34.293212295325674,42.69,97,92,5.73
166,anito,-25.357722437154635,-11.435893626639057,67.17,100,88,18.37
167,tiksi,-32.07193927185373,-10.750069420281278,62.85,98,68,12.21
168,new norfolk,-23.150641611290595,-32.718984491477926,72.39,100,56,11.65
169,temaraia,-89.70188960624535,76.00601623656024,-59.38,0,12,3.71
170,nouadhibou,57.46748420182337,-139.79152139154698,54.66,100,36,13.78
171,cherskiy,-70.18215385181351,-3.510155003016024,-6.28,85,0,25.97
172,dikson,-81.00114797610259,179.19470045588537,0.39,70,76,13.33
173,raudeberg,48.36523789821001,123.92639513227033,52.05,62,0,8.97
174,bodden town,62.744497353325386,-65.03095485046278,32.07,98,88,9.19
175,sao filipe,-49.77188224530903,120.72610759566294,43.14,100,80,26.31
176,husavik,10.315275360660877,-103.52818689689857,80.31,100,92,11.65
177,saldanha,5.18838483110828,-46.199273225245406,83.64,99,0,8.3
178,neuquen,-21.47465093532587,161.49784439577923,70.32,100,68,13.78
179,ngukurr,-88.34393381955714,106.92969344869704,-55.87,0,12,3.83
180,northam,-61.40752721273022,-60.81320671719807,28.92,99,12,19.04
181,pozo colorado,47.33845543403467,-97.00949943811834,39.02,74,90,13.87
182,attawapiskat,22.33522575712439,-44.10277359177266,79.23,100,12,7.07
183,lavrentiya,31.95046739717732,149.22466740441234,81.93,100,0,7.07
184,bilma,-42.71819843347115,173.7646290430722,54.12,96,32,11.65
185,nicoya,39.16883263634733,-133.6042203025791,63.3,100,76,11.77
186,fort dodge,-77.28970030447171,-106.91972651541451,4.98,78,80,20.71
187,la ronge,-4.334929233732538,126.28046067153275,81.48,100,92,16.24
188,kralendijk,31.529414662179676,163.6277408452321,77.25,100,0,3.27
189,dukat,34.34286414951933,131.26972571697365,69.8,82,75,6.93
190,luderitz,-84.2515512904863,19.227459447791347,-77.47,0,8,3.94
191,port moresby,-13.63450802530501,139.62680766699702,77.88,100,0,18.25
192,ajdabiya,85.28684035809053,49.89503165670442,23.52,90,88,4.38
193,tuy hoa,64.2939013167246,118.32436716846053,36.93,79,56,6.51
194,beloha,63.39611513965042,-60.25415456914726,35.13,100,80,10.87
195,grand river south east,-50.91549056913342,-173.51410230084616,48.18,95,92,36.93
196,tabory,-62.73362410969163,-67.81139895199776,23.07,100,12,13.67
197,camacha,-31.984490186923693,54.49945698966886,63.39,100,0,7.74
198,ribeira grande,-59.82648431740297,-60.942011374766096,30.18,97,56,20.71
199,dunmore town,12.195939922517908,135.2302235292667,83.37,100,76,2.37
200,east london,-41.32622842348694,52.07538963955494,49.08,100,0,2.71
201,saskylakh,-63.23750064589197,-146.55174990611494,28.83,95,48,20.71
202,vrangel,-81.72078637179212,12.103573214208211,-73.33,0,0,6.62
203,horodnytsya,63.02284205509494,114.760103341101,37.02,72,48,7.96
204,yunjinghong,73.00000695773784,-77.22230018486451,21.2,73,1,3.36
205,tabou,53.04731966244236,-134.48606193935288,51.51,100,20,5.95
206,lichinga,33.80690320513949,-115.20136074530461,87.98,45,1,12.75
207,yar-sale,-24.15731606318832,-116.15884812969065,70.59,100,0,7.4
208,qaqortoq,43.84909000288374,-179.73351238968976,55.92,100,92,18.7
209,bengkulu,40.485567954870874,158.84336225878684,67.26,100,76,22.17
210,boa vista,44.549662914199786,-71.58581350242596,55.94,93,90,2.48
211,plettenberg bay,-54.4765869633167,3.6389211069273415,25.23,100,20,32.57
212,san jose de guanipa,-27.201138701611356,161.843445418179,66.99,100,0,15.23
213,vieux fort,-40.75696280554672,-171.6391531802284,54.48,100,32,5.73
214,katsuura,71.68556813790872,-72.98206427056026,15.51,100,68,2.37
215,verkhoyansk,71.55349608466085,45.62912469452323,40.71,100,24,14.67
216,labuhan,-57.44127320783153,152.75558248549385,32.52,100,64,43.08
217,novogornyy,-73.24865308171928,-138.82641304600304,19.56,94,76,29.89
218,chuy,-16.662591615248473,-18.832059904676527,70.5,100,76,13.89
219,yellowknife,13.705629654002479,-173.1795911358127,83.91,100,0,8.63
220,saint george,-58.94506346222023,-163.92982026361219,38.46,86,92,44.98
221,pevek,41.74195020493468,179.15310706650473,58.35,100,92,13.67
222,geraldton,-43.974967200948306,30.798098703152988,46.92,93,92,24.52
223,carnarvon,37.83424064011993,110.45520594029051,41.7,72,0,2.93
224,batemans bay,18.10851169711347,-41.48747502336278,78.78,100,88,14.23
225,rypefjord,-51.16940234642628,119.2175023354958,39,100,80,29.44
226,faya,19.099515234383105,-34.84958998115604,78.06,100,36,15.23
227,cedral,-37.04032556690087,-86.23625589720498,52.41,100,92,12.77
228,sabla,-6.379458624889963,73.99496042933191,79.68,100,92,29.33
229,henties bay,-18.896394656670296,119.3399669606714,77.88,95,0,13.22
230,kirensk,-35.87823501850305,-153.58486910223058,56.28,100,64,16.24
231,kahului,-53.181438289255205,79.84615831982046,31.89,93,24,31.79
232,pochutla,0.41008873679511737,70.9620808857118,80.67,100,76,21.5
233,victoria,-52.92954525928691,131.94324110647534,40.17,96,80,34.47
234,geresk,70.27747005304678,-156.65449633515962,35.22,91,0,14.34
235,huarmey,61.99254056206715,37.84595732387561,41.52,100,100,13.22
236,onega,-43.412395311581996,-85.4653919168299,45.57,100,92,3.38
237,smithers,0.5028742486790208,95.43136269219434,81.48,100,80,8.19
238,egvekinot,-30.50684378312934,27.274432365736487,38.28,71,0,8.97
239,karaul,-43.481159669968925,122.58244940179276,46.56,100,68,11.43
240,hit,-80.06503233695739,143.6918829652406,-26.08,28,36,6.62
241,muroto,-14.488792108070399,33.87308145082949,55.11,84,0,5.06
242,norman wells,89.81661105258394,136.9484838845662,25.95,95,88,11.99
243,quime,-19.83006873798655,172.41789970885145,73.2,100,0,10.76
244,balikpapan,65.66879703961911,106.4281900927433,29.01,75,80,4.94
245,camocim,21.305649321514963,-64.52992832680027,81.66,100,64,2.15
246,makakilo city,-9.225503423063913,-59.76021900926753,78.42,83,8,2.04
247,the valley,74.98446539248494,-32.37783995603198,-23.56,26,32,8.19
248,ambovombe,42.031425914416644,-19.85055787881774,66.18,100,92,4.94
249,comodoro rivadavia,-52.32762452082933,20.573207351064724,32.88,97,88,37.94
250,ancud,65.48049236719106,-161.93189216168452,53.96,7,90,10.29
251,praia,16.378914788676255,4.671094804892448,73.56,78,56,11.99
252,nishihara,-4.5955181216987455,26.671473579634608,72.84,89,48,2.15
253,finspang,13.908815745518723,126.99102582422023,83.91,97,8,10.98
254,kruisfontein,-86.40746543050032,-41.33682948664159,-57.85,0,0,19.71
255,kyren,89.24327104528479,131.2940174316497,26.22,94,88,13.67
256,sitio novo do tocantins,-51.05635697455712,138.6623797670374,43.41,97,64,32.57
257,pandan,-1.1177829639427301,173.7520628639973,84.09,100,0,7.96
258,matara,22.177540441268718,-21.762084444282124,77.25,98,20,12.55
259,wamba,80.92899111209437,162.20967621836758,29.82,96,92,10.65
260,ivanteyevka,-88.03402602054703,105.99406491679423,-55.87,0,12,3.71
261,vaitupu,-80.81576962930413,6.557980410365843,-63.07,0,0,14.56
262,nelson bay,89.97072383853236,88.62852237191782,25.95,95,88,11.32
263,lianzhou,69.31556849740707,0.16978161047157414,38.64,100,76,4.83
264,los llanos de aridane,17.066217483870886,-81.35058966677401,77.16,100,92,16.13
265,alta floresta,8.80726029348935,-32.64883515555613,79.86,100,64,3.04
266,mys shmidta,73.72899428475952,-14.049923766197452,25.68,100,8,13.67
267,antofagasta,-69.00906283073479,-177.33427835409313,4.53,92,12,10.87
268,bukama,-75.61411911201921,-29.161340302961293,-14.2,85,12,11.43
269,zhuji,-19.80746704776621,-117.10612439331528,73.11,100,100,9.98
270,abu dhabi,-74.45969600323726,-46.847390087725074,-17.35,50,0,9.75
271,kindu,-33.60175919350948,12.11387798800493,60.24,99,0,26.64
272,mount gambier,-38.64299195210735,-69.7997484258724,49.08,27,0,5.73
273,kemijarvi,-18.63693495446526,133.44946389209673,90.21,23,0,4.27
274,whitehorse,-27.32011221599678,119.783585452154,73.02,46,0,16.8
275,bayji,-24.389920843290767,-58.78640943930377,67.8,89,92,10.31
276,kandrian,57.12196492432065,-78.56870232832259,36.57,100,92,18.92
277,pacifica,73.48041787447951,-171.68865385691345,38.82,90,0,13.22
278,pitimbu,-37.15185126298786,5.736722268717756,50.61,100,76,11.54
279,sakaiminato,-43.038722380712606,9.51912338845122,46.29,97,68,20.15
280,naftah,16.7134853535878,13.645740033237672,74.64,33,0,2.59
281,deming,8.60821303137358,-86.50289095863877,78.69,100,68,13.44
282,uruzgan,42.62811375257709,-94.16596530039877,71.6,72,75,28.86
283,bambous virieux,61.25175610416602,-103.98502333356625,21.27,72,80,19.37
284,akyab,-70.17166789799592,145.1758303000264,-44.53,0,0,23.29
285,gizo,-68.9619345014237,101.66907558561462,-61,0,0,25.08
286,illoqqortoormiut,13.364130444336979,-66.36904218753641,83.73,98,24,15.68
287,oranjestad,-77.74473076343345,-46.255374609350326,-32.83,56,24,3.71
288,talnakh,-87.1760521480984,-56.09280050432207,-53.62,0,0,21.72
289,vysotsk,-69.10549626226216,-35.994087726414875,-6.73,74,8,9.98
290,lingao,-45.393801320209924,-23.733129981056095,41.79,100,0,13.33
291,shingu,-36.2365558709119,-132.64870973624664,56.01,100,12,14.34
292,nemuro,-56.04288942070133,-17.021187051442496,26.58,100,64,4.38
293,ilulissat,62.9713294232844,155.362357365229,25.68,92,92,4.16
294,gambela,-30.698929583920545,0.465576073309677,61.41,100,80,15.9
295,olavarria,-11.395199097519864,145.92766851259893,76.89,100,48,19.26
296,makat,31.086613767507885,19.647536733684206,80.76,91,48,11.77
297,kenai,-58.52795313656574,-14.20815604433426,7.14,100,8,9.86
298,maun,-36.401787354297504,60.763765555266076,59.25,96,56,12.77
299,asfi,12.850545546812938,110.71937218922125,81.03,100,32,8.63
300,kununurra,-35.37194610273914,40.983771952125096,59.7,100,0,21.83
301,tidore,-40.01652221300986,-165.0112587540524,54.03,100,80,1.7
302,okitipupa,-52.49207174500234,122.74216199260144,39.36,96,80,31.79
303,trelew,-20.120559240117572,64.59106577236821,72.39,100,76,17.81
304,shizuishan,59.297326842816176,63.91940090771507,45.21,76,76,6.29
305,umarkot,16.552488582350506,-130.70093182614892,78.51,100,0,11.88
306,sinnamary,11.798381916834614,-118.4329973595739,75.99,100,92,35.37
307,bandarbeyla,-56.212801689146,-65.00179236532242,35.31,100,24,30.78
308,christchurch,60.656016063569325,-168.87707615614585,49.44,100,44,13.33
309,iqaluit,-23.448156669444558,-176.89032860957101,72.12,100,100,27.09
310,nizhnyaya omka,36.750780747577494,-18.721190089560025,70.05,100,92,7.74
311,zeya,45.35498686322845,-38.58745635835419,59.79,100,64,18.59
312,tateyama,-66.44701500204857,-164.67385726964437,21.63,100,68,13.44
313,constitucion,26.15008582736884,-76.2424531781685,80.22,100,80,20.6
314,saint-francois,-81.61788956691545,143.7874378879739,-28.78,33,44,18.37
315,port elizabeth,-44.974497111026075,37.577339830934676,42.78,91,80,28.21
316,charters towers,77.44507739525179,179.81697084758662,31.71,90,0,15.9
317,acari,-52.27023329873218,-17.396527536983513,33.69,100,88,3.38
318,ola,-11.01281648166649,-93.30538819551772,67.8,100,88,10.2
319,bangkalan,72.033852994896,111.75081771900057,28.29,96,56,8.19
320,belmonte,34.36435484837753,157.6507908381996,77.25,100,68,6.06
321,zyryanka,81.80404808843605,4.576929045314245,16.14,94,92,26.19
322,miles city,-70.3843715566281,-155.05892959711284,13.98,92,56,33.46
323,salym,39.72222848323764,133.85229900710164,66.36,100,0,8.97
324,mbigou,50.88540509868281,27.043164846494534,48.09,67,92,21.5
325,patu,-52.4349419414459,20.436364968543984,32.88,97,88,37.94
326,roma,21.931444764256298,100.94410483811555,61.68,95,80,2.37
327,cidreira,1.2015430641785798,-6.37249283099348,77.16,100,0,5.95
328,kudahuvadhoo,-13.03369951937448,35.41602660266631,54.48,93,0,2.26
329,montes altos,69.03200791219919,70.93079046246498,38.28,99,68,8.3
330,richards bay,60.26104880698156,-46.94252086472915,39.36,100,24,17.47
331,bijar,-11.951113002938044,90.62801944959728,78.96,100,0,15.79
332,hofn,-41.08826515901052,-158.4534297608657,52.05,100,92,7.52
333,san quintin,-44.96194200702279,-85.28969868447084,44.58,100,12,6.29
334,marrakesh,-62.4227695306852,122.92342852394177,19.92,94,24,15.01
335,beringovskiy,3.660252328991902,-60.9645970414017,89.76,41,76,5.73
336,pandaria,-42.16622908438348,24.152337391724842,54.57,100,48,23.73
337,djambala,8.80514977705927,-64.02088232804073,88.5,45,48,9.31
338,coahuayana,13.526951891861273,-60.99173276587031,82.4,78,20,18.34
339,olafsvik,-49.496422453297065,-12.186043690698398,35.76,100,92,14.67
340,saleaula,20.486501740923643,152.03976425861742,83.46,100,32,14.23
341,ouallam,68.24229195803696,132.784762026198,18.48,81,68,2.48
342,ostersund,17.46319664741486,-38.340113150049035,78.24,100,44,14.79
343,sawakin,-20.718344947779656,94.3027248023377,70.14,100,36,17.58
344,tual,55.61376370701282,60.91371588153271,41,75,0,4.47
345,yerkoy,-33.548919316211695,109.23980368281013,58.89,100,48,25.86
346,wanning,-67.00973540429743,-20.004807361958257,-3.94,77,12,20.15
347,smolenka,-88.97185465678666,75.257361607609,-61.81,0,12,1.7
348,lompoc,-72.34214884695187,36.00481209167825,-50.38,0,0,32.12
349,cockburn town,5.212269976230559,-150.6734365724782,80.85,100,76,6.62
350,satitoa,69.88868410279468,-118.01976799933807,22.44,100,48,3.04
351,anloga,-54.803792102813716,-20.510756028703923,30.36,100,80,4.5
352,tautira,33.532966601653726,-60.96187511643241,77.97,100,88,28.32
353,bubaque,71.34988209006289,168.00396065966078,36.66,92,92,13.67
354,nazca,-74.13643665333736,0.7652162550704986,-60.01,0,0,11.32
355,molina de segura,72.99801423576156,110.46490093001745,27.39,87,68,11.88
356,karaton,-33.91666002869025,85.57077317337354,56.91,100,0,4.94
357,takoradi,74.17576922611931,-156.15922879564874,32.34,91,0,20.6
358,khatanga,-30.558718305420037,96.69627505398267,59.79,100,80,11.65
359,ramshir,85.1676221625689,133.2561292524042,30.09,92,80,18.81
360,stokmarknes,-68.42726919334545,-81.73186722759964,22.08,92,92,29.1
361,naze,-36.232605716990136,150.12427874289125,55.47,100,92,6.4
362,abiy adi,71.09659067003872,23.01298962161121,35.6,100,75,23.04
363,tenenkou,16.9699838569546,17.185703800468616,77.88,24,92,2.71
364,high level,23.631559623749013,-100.87217441133095,73.56,44,24,6.4
365,sao jose da coroa grande,-47.003294469274095,-158.26828686934618,49.08,100,80,14.67
366,gulshat,-67.66708838863245,142.9710124870906,-25.81,33,0,19.37
367,muscatine,-12.082726208002512,94.15505836604393,78.78,97,0,15.79
368,zhangye,-74.51105688602225,120.36473277388774,-73.6,0,0,5.28
369,arvin,-29.713634774022317,117.09443512680144,60.96,80,68,6.51
370,albert town,42.89265667107421,29.524169346429602,66.18,100,8,19.15
371,yendi,-28.106658689481392,-135.67712221254573,64.11,100,0,12.21
372,gaozhou,85.24760514697908,-2.585112226449354,25.86,96,92,19.93
373,turayf,-23.0980066526661,12.212083975214256,63.21,91,0,17.81
374,cervo,57.879008578153616,108.01182245053877,29.19,84,64,2.59
375,cap-aux-meules,21.688088179333604,-156.09309986395925,78.24,100,8,10.98
376,taylor,7.128579970701793,-98.1938560154191,79.41,100,80,16.24
377,adrasmon,-2.2180068309143337,53.42544029801104,78.42,100,76,10.2
378,kalomo,30.7916288965788,63.78951760688798,57.18,41,0,8.97
379,albertville,-16.714714494224964,-89.59487354072041,64.83,100,88,12.77
380,azimur,64.8216176717728,38.70320201844808,42.96,100,92,10.65
381,santa clarita,49.51053853560924,-153.3280352346549,57,94,92,23.51
382,ati,-89.47327212857702,113.819352040978,-61.09,0,12,1.14
383,grindavik,57.58403284051414,-127.20909891150075,36.48,48,48,2.71
384,lac du bonnet,48.67393203831671,-137.72221402588156,56.91,100,48,20.27
385,ugoofaaru,-73.19452025835642,-98.56248945591246,5.7,87,88,32.79
386,oistins,69.28695773098889,118.19433017545117,29.48,81,80,4.05
387,dawlatabad,88.62071013216104,10.000019350722027,28.13,96,80,8.08
388,grand forks,66.14145323114309,-176.3646341678225,46.04,97,92,14.56
389,nizhniy tagil,68.62600862225298,83.86367274690593,33.98,93,88,17.69
390,calatrava,32.84195356159543,42.954552023779684,73.49,32,20,9.64
391,kloulklubed,-78.15867891414663,156.5378461733119,-15.34,65,56,14.67
392,narsaq,28.775788197973668,135.17065413312724,82.04,99,36,23.06
393,westport,77.73809961985637,76.37524868932354,35.33,97,68,12.66
394,muli,-34.727874942715786,42.52743727030315,60.8,100,56,20.94
395,sur,69.12494975239841,-123.89572137941656,5.63,82,0,5.61
396,harper,-47.53167611278715,69.26200449494118,36.77,100,68,18.25
397,itarema,-85.23564534705372,-18.97315820610362,-58.9,0,0,16.8
398,lata,-16.463368106190543,-66.67213183002839,64.58,100,92,1.92
399,hunza,-2.4487214171507503,116.70680359661816,83.93,100,48,8.41
400,okhotsk,-68.3088983820954,-71.57574895755769,3.56,82,36,1.25
401,sao gabriel da cachoeira,3.831778704622579,-40.65581380128279,82.04,100,56,11.43
402,alamos,20.00115073620566,-158.68373556373643,80.6,100,32,8.19
403,tessalit,23.08604073305186,-61.857985793028575,82.04,100,88,12.21
404,entre rios,-24.34363828243447,45.660617477377286,56.75,87,48,2.71
405,aquiraz,64.87390861935734,-117.3887056987044,19.04,100,64,3.15
406,luba,74.73677521733478,-59.192767907324296,32.09,100,80,18.03
407,longlac,-56.11577728074254,170.73521094770507,41.54,100,64,40.85
408,labrea,17.9864885428468,-155.96132244422674,79.61,100,12,11.77
409,orlik,-62.91951706047219,72.36521434264876,-1.84,100,12,11.65
410,obluche,-72.49502975159442,73.6506909153542,-40.45,0,12,18.92
411,taltal,15.770032149317643,-119.18761529032285,80.69,100,80,30.22
412,sao felix do xingu,-47.980266610718004,-66.61074627040531,46.76,51,32,20.71
413,pittsfield,-41.69371087736667,-103.14429109273345,52.34,91,92,19.04
414,vao,7.23504553352528,-22.78234853719428,78.98,100,88,13.44
415,kichera,20.30839107568434,133.22534936329316,78.89,100,80,28.99
416,aykhal,58.56145627529628,15.757499970557717,39.2,86,24,6.93
417,altenstadt,-55.8536003886191,25.81183953130534,27.68,100,36,54.04
418,asau,83.58891963800377,-2.5312737911732484,18.14,95,92,28.21
419,huilong,52.58579419629092,102.12287834763777,34.34,72,92,6.96
420,hue,-70.85485029938052,-69.87065320241673,-16.33,22,0,2.48
421,podbrdo,75.18721380319766,83.2255975499217,38.21,95,56,18.81
422,camapua,-42.148673562063884,97.06989325945477,50.54,100,80,18.48
423,beatrice,-73.19927097604003,108.79722283590343,-68.44,0,0,19.37
424,luanda,-4.4484727494877205,-47.1440998784459,81.14,67,20,6.96
425,shirvan,14.239011486500246,124.10210833432149,82.94,100,44,11.32
426,cap malheureux,-36.097973763748065,-141.50077904268701,56.21,100,88,12.66
427,burgeo,-63.729887966849304,40.138428765632085,20.66,92,88,16.13
428,polyarnyy,-30.961651974255517,103.65406823334052,59.18,100,20,16.35
429,erenhot,-80.31176864421867,152.17762796929628,-9.22,65,24,13.78
430,berberati,34.049084385031605,-22.165349283272576,73.31,100,76,16.91
431,te anau,5.8181608215832625,80.85954521719236,78.08,100,92,5.95
432,kommunisticheskiy,2.241519654658532,27.914214692293314,64.58,98,12,2.15
433,kondinskoye,-68.46817685014958,22.41038714762456,-1.48,78,64,8.52
434,novyy urgal,52.151680278089714,49.10944152821557,58.73,94,92,15.12
435,fallbrook,-72.9524455656286,140.24662233588975,-47.56,0,8,18.25
436,montepuez,-62.62776928810065,-43.289787082719414,22.55,90,80,10.2
437,houma,27.29539747144034,149.76239661521055,82.94,100,68,14.79
438,kaeo,-77.87401062326835,-17.305237713638633,-48.55,0,0,11.1
439,quatre cocos,-2.6533849430432355,-179.77887114277522,83.66,100,32,9.08
440,bokoro,-37.51706911726597,157.41318004758654,57.56,100,68,18.92
441,ukhta,-65.13233408873296,-9.445813745549003,1.31,71,48,18.81
442,gari,25.075003400031676,111.92236491044872,73.76,40,0,5.61
443,santa maria,26.249223411454622,-18.842912302610046,74.48,100,48,11.32
444,kavieng,58.29323765749001,-99.04726826582699,23,67,90,14.99
445,boyolangu,79.12258612651843,-135.039927255319,26.78,87,48,16.46
446,yomou,-8.87677703588355,-56.47534016932315,74.21,95,20,1.7
447,talara,88.94695224944118,-176.67025372546632,29.03,96,80,15.01
448,mahadday weyne,-22.986972924626784,-73.62640479100703,60.98,97,0,10.98
449,mbanza-ngungu,-19.10957956741109,-170.36688727344432,80.6,69,75,14.99
450,tungor,-79.8174004623,-121.34006306108424,-0.76,80,48,35.48
451,guider,-59.015752825077406,-119.42867331880234,37.85,93,80,24.85
452,klaksvik,-15.86623860870877,-159.5339815291798,79.34,100,20,22.28
453,biltine,-60.5469478620974,-7.665449933693793,4.37,88,20,17.92
454,mount isa,38.45175776032079,169.85154364742198,68.09,100,64,19.26
455,santa cruz,-52.58635631723443,85.55455812242559,34.43,100,44,38.83
456,moree,-9.579119195533366,26.17031883169983,67.19,67,88,2.15
457,koshurnikovo,-55.0147887062853,80.24354457784739,29.48,100,20,28.77
458,sakakah,-82.35131757465086,-60.18578840294748,-44.59,0,36,2.71
459,puerto suarez,29.844659123832002,120.32388143499435,71.6,64,0,11.18
460,vanimo,-53.63584579215823,155.22030940835975,40.91,100,20,35.25
461,puri,-62.806290673890686,-167.70794873218682,31.46,91,80,37.83
462,srednekolymsk,2.878227640585635,-161.09083528785246,82.4,100,8,10.42
463,nador,-79.70159727928541,-9.052473417951717,-53.14,0,0,9.19
464,pascagoula,25.48204849877213,54.17571845470516,91.58,96,0,5.73
465,tonkino,-2.364776050742563,24.953544124446893,69.89,93,76,2.82
466,mackay,-50.79152969287535,-3.6958387427832236,33.08,98,92,2.82
467,olinda,-52.224457479337936,131.65739190276867,41,97,92,32.91
468,broome,66.16083969252341,26.845779279782903,26.6,86,0,5.82
469,kurskaya,88.84033265529891,117.41249533846775,25.7,90,56,12.66
470,malanje,59.43145336990884,-135.98165740528307,44.96,60,1,5.82
471,longkou,63.067506501537366,-31.24666283849939,41.81,100,80,30.11
472,apac,52.04642549732009,-159.37779287193766,52.34,99,44,27.42
473,vostok,35.491370683461426,43.10715296210989,66.2,51,0,2.82
474,baker city,-7.758494772722912,150.69422347633775,80.69,100,8,21.83
475,opuwo,36.77227877680052,-125.09093187865527,61.88,100,88,10.42
476,havelock,-11.363364235006898,58.87451885111392,76.37,100,8,19.93
477,murwillumbah,-7.655052496456889,-31.076223015323592,78.08,100,48,16.8
478,rawannawi,-40.369612258822215,-90.52004900477421,50.09,100,88,9.98
479,nampula,-68.14027990185023,135.54667102174767,-43.69,0,0,17.69
480,sao joao do piaui,38.54596742483753,132.00922127347775,68.54,100,0,15.12
481,angoche,33.14377104158555,8.050331647430028,56.93,72,12,2.93
482,hambantota,87.50358521836435,-132.8484458738317,29.48,95,80,14.45
483,artyk,32.351688558272826,-107.70387807269091,80.06,28,1,8.05
484,vanderhoof,-34.19644171744972,-88.35990314841501,56.48,100,92,17.25
485,grosseto,32.840930355767384,66.39051587564396,37.58,44,0,3.04
486,dehloran,-82.81072430252816,-99.40340069817253,-21.82,24,0,10.42
487,ituni,-33.476788096314294,84.13941628225501,58.28,98,8,6.17
488,tecoanapa,-16.85882786235352,95.3214563328367,74.57,100,12,16.35
489,west wendover,-72.57466553011061,-126.34881852079582,20.48,87,64,16.69
490,lorengau,-50.49755457639049,-19.716482833412442,36.5,99,48,7.63
491,pisco,-17.733261629642513,117.69054919636841,78.17,100,0,9.98
492,zyryanovsk,84.99433724253271,110.99746719770889,29.93,92,80,19.82
493,kushima,-12.41676187590653,71.7269549215491,77.27,100,20,25.52
494,mogadishu,20.008615900615624,-173.93392466736873,80.6,100,0,18.7
495,sola,-37.38834544128325,-152.15211926269086,55.4,100,80,16.8
496,evensk,69.8504346602189,128.84371971989214,23.18,94,36,1.7
497,banda aceh,-77.79157640767934,-127.8186312483692,-4.63,62,20,19.6
498,nurlat,18.299514623496478,92.21165916665967,86.18,96,76,5.95
499,farias brito,-27.64890688874719,121.96526758570394,79.16,33,20,17.02
